Sex,AgeGrp,Case,AgeMed,AgeLB,AgeUB,Hodgkin,NonHL,MM,Leukemia,Solid
M,1,218,2.5,0,5,0,33,0,116,69
M,2,145,7.5,5,10,0,37,0,92,16
M,3,177,12.5,10,15,4,40,0,89,44
M,4,287,17.5,15,20,11,41,0,91,144
M,5,482,22.5,20,25,23,53,0,97,309
M,6,853,27.5,25,30,10,57,2,99,685
M,7,1433,32.5,30,35,13,62,3,119,1236
M,8,2585,37.5,35,40,15,116,10,129,2315
M,9,3566,42.5,40,45,5,146,16,184,3215
M,10,5677,47.5,45,50,11,211,28,229,5198
M,11,8929,52.5,50,55,12,219,69,264,8365
M,12,14868,57.5,55,60,16,317,114,342,14079
M,13,18322,62.5,60,65,15,332,141,320,17514
M,14,18388,67.5,65,70,13,341,139,275,17620
M,15,18340,72.5,70,75,12,338,151,338,17501
M,16,18313,77.5,75,80,17,320,144,345,17487
M,17,10894,82.5,80,85,1,227,73,223,10370
M,18,5279,87.5,85,90,3,111,37,142,4986
F,1,185,2.5,0,5,0,18,0,61,106
F,2,108,7.5,5,10,0,13,0,50,45
F,3,142,12.5,10,15,0,16,0,51,75
F,4,286,17.5,15,20,10,15,0,53,208
F,5,864,22.5,20,25,19,29,1,62,753
F,6,1827,27.5,25,30,14,38,0,71,1704
F,7,3208,32.5,30,35,7,60,1,69,3071
F,8,6043,37.5,35,40,6,64,3,80,5890
F,9,8831,42.5,40,45,4,97,11,104,8615
F,10,11748,47.5,45,50,9,126,24,138,11451
F,11,12156,52.5,50,55,5,182,53,145,11771
F,12,13350,57.5,55,60,4,205,88,196,12857
F,13,12021,62.5,60,65,4,255,92,215,11455
F,14,9654,67.5,65,70,6,231,106,166,9145
F,15,9404,72.5,70,75,8,235,147,196,8818
F,16,10353,77.5,75,80,9,278,128,199,9739
F,17,8139,82.5,80,85,10,211,101,122,7695
F,18,6761,87.5,85,90,3,142,37,59,6520
