chapter	id	fig	w	h	noeval
01_Float_Point_Arithmetic	ch01-01	ch01_single_precision	5.4	1.55	0
01_Float_Point_Arithmetic	ch01-02		5	3	0
01_Float_Point_Arithmetic	ch01-03	ch01_double_precision	5.4	1.55	0
01_Float_Point_Arithmetic	ch01-04		5	3	0
01_Float_Point_Arithmetic	ch01-05		5	3	1
01_Float_Point_Arithmetic	ch01-06		5	3	1
01_Float_Point_Arithmetic	ch01-07		5	3	1
01_Float_Point_Arithmetic	ch01-08		5	3	0
01_Float_Point_Arithmetic	ch01-09		5	3	0
01_Float_Point_Arithmetic	ch01-10		5	3	0
01_Float_Point_Arithmetic	ch01-11		5	3	0
01_Float_Point_Arithmetic	ch01-12		5	3	0
01_Float_Point_Arithmetic	ch01-13		5	3	0
01_Float_Point_Arithmetic	ch01-14		5	3	0
01_Float_Point_Arithmetic	ch01-15		5	3	0
01_Float_Point_Arithmetic	ch01-16		5	3	0
01_Float_Point_Arithmetic	ch01-17		5	3	0
01_Float_Point_Arithmetic	ch01-18		5	3	0
01_Float_Point_Arithmetic	ch01-19		5	3	0
01_Float_Point_Arithmetic	ch01-20		5	3	0
01_Float_Point_Arithmetic	ch01-21		5	3	0
01_Float_Point_Arithmetic	ch01-22		5	3	0
01_Float_Point_Arithmetic	ch01-23		5	3	0
01_Float_Point_Arithmetic	ch01-24	ch01_ulp	5.2	2.8	0
01_Float_Point_Arithmetic	ch01-25		5	3	0
01_Float_Point_Arithmetic	ch01-26	ch01_subnormal	5.2	1.9	0
01_Float_Point_Arithmetic	ch01-27		5	3	0
01_Float_Point_Arithmetic	ch01-28		5	3	0
01_Float_Point_Arithmetic	ch01-29		5	3	0
01_Float_Point_Arithmetic	ch01-30		5	3	0
02_Factorial_and_Gamma_Function	ch02-01		5	3	0
02_Factorial_and_Gamma_Function	ch02-02		5	3	0
02_Factorial_and_Gamma_Function	ch02-03		5	3	0
02_Factorial_and_Gamma_Function	ch02-04		5	3	0
02_Factorial_and_Gamma_Function	ch02-05		5	3	0
02_Factorial_and_Gamma_Function	ch02-06		5	3	0
02_Factorial_and_Gamma_Function	ch02-07		5	3	0
02_Factorial_and_Gamma_Function	ch02-08		5	3	0
02_Factorial_and_Gamma_Function	ch02-09		5	3	0
02_Factorial_and_Gamma_Function	ch02-10		5	3	0
02_Factorial_and_Gamma_Function	ch02-11	ch02_gamma	5.4	3.0	0
02_Factorial_and_Gamma_Function	ch02-12		5	3	0
02_Factorial_and_Gamma_Function	ch02-13		5	3	0
02_Factorial_and_Gamma_Function	ch02-14	ch02_stirling	5.4	2.6	0
02_Factorial_and_Gamma_Function	ch02-15		5	3	1
02_Factorial_and_Gamma_Function	ch02-16		5	3	0
02_Factorial_and_Gamma_Function	ch02-17		5	3	0
02_Factorial_and_Gamma_Function	ch02-18		5	3	0
02_Factorial_and_Gamma_Function	ch02-19	ch02_overflow	5.4	2.7	0
02_Factorial_and_Gamma_Function	ch02-20		5	3	1
02_Factorial_and_Gamma_Function	ch02-21		5	3	0
02_Factorial_and_Gamma_Function	ch02-22		5	3	0
02_Factorial_and_Gamma_Function	ch02-23		5	3	1
02_Factorial_and_Gamma_Function	ch02-24		5	3	0
02_Factorial_and_Gamma_Function	ch02-25		5	3	0
02_Factorial_and_Gamma_Function	ch02-26		5	3	0
02_Factorial_and_Gamma_Function	ch02-27		5	3	0
02_Factorial_and_Gamma_Function	ch02-28		5	3	0
03_Differentiation	ch03-01	ch03_tangent	4.9	2.2	0
03_Differentiation	ch03-02		5	3	0
03_Differentiation	ch03-03	ch03_inverse	3.8	2.9	0
03_Differentiation	ch03-04		5	3	0
03_Differentiation	ch03-05		5	3	0
03_Differentiation	ch03-06	ch03_grad	4.1	2.5	0
03_Differentiation	ch03-07		5	3	0
03_Differentiation	ch03-08		5	3	0
03_Differentiation	ch03-09		5	3	0
03_Differentiation	ch03-10		5	3	0
03_Differentiation	ch03-11		5	3	0
03_Differentiation	ch03-13		5	3	0
03_Differentiation	ch03-14	ch03_diffgeom	4.1	2.6	0
03_Differentiation	ch03-15		5	3	0
03_Differentiation	ch03-17	ch03_stepsize	4.6	2.7	0
03_Differentiation	ch03-18		5	3	0
03_Differentiation	ch03-19		5	3	0
03_Differentiation	ch03-20		5	3	0
03_Differentiation	ch03-21		5	3	0
03_Differentiation	ch03-22		5	3	0
03_Differentiation	ch03-23		5	3	0
04_Integration	ch04-01		5	3	0
04_Integration	ch04-02		5	3	0
04_Integration	ch04-03		5	3	0
04_Integration	ch04-04		5	3	0
04_Integration	ch04-05	ch04_trapezoid	5.2	2.4	0
04_Integration	ch04-06		5	3	0
04_Integration	ch04-07		5	3	0
04_Integration	ch04-08		5	3	0
04_Integration	ch04-09		5	3	0
04_Integration	ch04-10		5	3	0
04_Integration	ch04-11		5	3	0
04_Integration	ch04-12	ch04_order	5.2	2.9	0
04_Integration	ch04-13	ch04_romberg_refine	5.6	2.1	0
04_Integration	ch04-14	ch04_romberg_table	4.6	2.6	0
04_Integration	ch04-15		5	3	0
04_Integration	ch04-16		5	3	0
04_Integration	ch04-17		5	3	0
04_Integration	ch04-18	ch04_trapezoid_error	5.0	2.2	0
04_Integration	ch04-19		5	3	0
04_Integration	ch04-20		5	3	0
04_Integration	ch04-21	ch04_gauss_exact	5.2	2.7	0
04_Integration	ch04-22		5	3	0
04_Integration	ch04-23		5	3	0
04_Integration	ch04-24	ch04_compare	5.2	2.8	0
05_Integral_Transformation	ch05-01		5	3	0
05_Integral_Transformation	ch05-02		5	3	0
05_Integral_Transformation	ch05-03	ch05_dft	6.0	4.2	0
05_Integral_Transformation	ch05-04		5	3	0
05_Integral_Transformation	ch05-05		5	3	0
05_Integral_Transformation	ch05-06		5	3	0
05_Integral_Transformation	ch05-07	ch05_conv	5.6	3.2	0
05_Integral_Transformation	ch05-08		5	3	0
05_Integral_Transformation	ch05-09		5	3	0
05_Integral_Transformation	ch05-10		5	3	0
05_Integral_Transformation	ch05-11		5	3	0
05_Integral_Transformation	ch05-12		5	3	0
05_Integral_Transformation	ch05-13		5	3	0
05_Integral_Transformation	ch05-14	ch05_illposed	5.8	2.8	0
05_Integral_Transformation	ch05-15		5	3	0
05_Integral_Transformation	ch05-16		5	3	0
05_Integral_Transformation	ch05-17	ch05_deconv	5.8	2.8	0
06_Special_Functions	ch06-01		5	3	0
06_Special_Functions	ch06-02	ch06_taylor	5.4	2.6	0
06_Special_Functions	ch06-03		5	3	0
06_Special_Functions	ch06-04		5	3	0
06_Special_Functions	ch06-05		5	3	0
06_Special_Functions	ch06-06		5	3	0
06_Special_Functions	ch06-07		5	3	0
06_Special_Functions	ch06-08		5	3	0
06_Special_Functions	ch06-09		5	3	0
06_Special_Functions	ch06-10		5	3	0
06_Special_Functions	ch06-11		5	3	0
06_Special_Functions	ch06-11b		5	3	0
06_Special_Functions	ch06-12	ch06_exp	5.2	2.3	0
06_Special_Functions	ch06-13		5	3	0
06_Special_Functions	ch06-14		5	3	0
06_Special_Functions	ch06-15	ch06_erf	5.2	2.5	0
06_Special_Functions	ch06-16		5	3	0
06_Special_Functions	ch06-17		5	3	0
06_Special_Functions	ch06-18		5	3	0
06_Special_Functions	ch06-19	ch06_cheb	5.4	2.6	0
06_Special_Functions	ch06-20		5	3	0
06_Special_Functions	ch06-21		5	3	0
06_Special_Functions	ch06-22		5	3	0
06_Special_Functions	ch06-23	ch06_gamma	5.2	2.6	0
06_Special_Functions	ch06-24		5	3	0
06_Special_Functions	ch06-25		5	3	0
06_Special_Functions	ch06-26		5	3	0
06_Special_Functions	ch06-27		5	3	0
06_Special_Functions	ch06-28		5	3	0
07_Distribution_Functions	ch07-01		5	3	0
07_Distribution_Functions	ch07-03	ch07_dpqr	5.4	3.4	0
07_Distribution_Functions	ch07-04		5	3	1
07_Distribution_Functions	ch07-05		5	3	0
07_Distribution_Functions	ch07-07		5	3	0
07_Distribution_Functions	ch07-08	ch07_norm	5.2	2.5	0
07_Distribution_Functions	ch07-09		5	3	0
07_Distribution_Functions	ch07-11		5	3	0
07_Distribution_Functions	ch07-12		5	3	0
07_Distribution_Functions	ch07-13		5	3	0
07_Distribution_Functions	ch07-14	ch07_lnorm	5.2	2.5	0
07_Distribution_Functions	ch07-16	ch07_gamma	5.2	2.5	0
07_Distribution_Functions	ch07-17		5	3	0
07_Distribution_Functions	ch07-18		5	3	0
07_Distribution_Functions	ch07-19		5	3	0
07_Distribution_Functions	ch07-21		5	3	0
07_Distribution_Functions	ch07-25	ch07_beta	5.2	2.5	0
07_Distribution_Functions	ch07-26		5	3	0
07_Distribution_Functions	ch07-29	ch07_clt	5.4	2.0	0
07_Distribution_Functions	ch07-30		5	3	0
07_Distribution_Functions	ch07-31	ch07_s2	5.2	2.6	0
07_Distribution_Functions	ch07-32		5	3	0
07_Distribution_Functions	ch07-33		5	3	0
07_Distribution_Functions	ch07-34	ch07_t	5.2	2.5	0
07_Distribution_Functions	ch07-35		5	3	0
07_Distribution_Functions	ch07-37		5	3	0
07_Distribution_Functions	ch07-38		5	3	0
07_Distribution_Functions	ch07-39	ch07_F	5.2	2.5	0
07_Distribution_Functions	ch07-40		5	3	0
07_Distribution_Functions	ch07-42		5	3	0
07_Distribution_Functions	ch07-43		5	3	0
07_Distribution_Functions	ch07-44		5	3	0
07_Distribution_Functions	ch07-46	ch07_disc	5.6	2.0	0
07_Distribution_Functions	ch07-48		5	3	0
07_Distribution_Functions	ch07-50		5	3	0
07_Distribution_Functions	ch07-51		5	3	0
08_Random_Variate_Generation	ch08-01		5	3	0
08_Random_Variate_Generation	ch08-02		5	3	0
08_Random_Variate_Generation	ch08-03		5	3	0
08_Random_Variate_Generation	ch08-04	ch08_lcg	5.4	2.1	0
08_Random_Variate_Generation	ch08-05		5	3	0
08_Random_Variate_Generation	ch08-06	ch08_inverse	5.4	2.1	0
08_Random_Variate_Generation	ch08-07		5	3	0
08_Random_Variate_Generation	ch08-08	ch08_reject	5.2	2.3	0
08_Random_Variate_Generation	ch08-09		5	3	0
08_Random_Variate_Generation	ch08-10		5	3	0
08_Random_Variate_Generation	ch08-11		5	3	0
08_Random_Variate_Generation	ch08-12	ch08_deviate	5.6	3.0	0
08_Random_Variate_Generation	ch08-13		5	3	0
08_Random_Variate_Generation	ch08-14		5	3	0
08_Random_Variate_Generation	ch08-15	ch08_ellipse	5.4	1.8	0
08_Random_Variate_Generation	ch08-16		5	3	0
08_Random_Variate_Generation	ch08-17		5	3	0
08_Random_Variate_Generation	ch08-18		5	3	0
08_Random_Variate_Generation	ch08-19	ch08_ci	4.4	3.2	0
08_Random_Variate_Generation	ch08-20		5	3	1
08_Random_Variate_Generation	ch08-21		5	3	0
08_Random_Variate_Generation	ch08-22		5	3	0
08_Random_Variate_Generation	ch08-23	ch08_cohort	5.4	2.0	0
09_Vector_Matrix_Space	ch09-01		5	3	0
09_Vector_Matrix_Space	ch09-02		5	3	0
09_Vector_Matrix_Space	ch09-03		5	3	0
09_Vector_Matrix_Space	ch09-04		5	3	0
09_Vector_Matrix_Space	ch09-05	ch09_angle	4.4	3.5	0
09_Vector_Matrix_Space	ch09-06		5	3	0
09_Vector_Matrix_Space	ch09-07		5	3	0
09_Vector_Matrix_Space	ch09-08		5	3	0
09_Vector_Matrix_Space	ch09-09		5	3	0
09_Vector_Matrix_Space	ch09-10		5	3	0
09_Vector_Matrix_Space	ch09-11		5	3	0
09_Vector_Matrix_Space	ch09-12		5	3	0
09_Vector_Matrix_Space	ch09-13		5	3	0
09_Vector_Matrix_Space	ch09-14	ch09_span	5.4	2.7	0
09_Vector_Matrix_Space	ch09-15		5	3	0
09_Vector_Matrix_Space	ch09-16		5	3	0
09_Vector_Matrix_Space	ch09-17		5	3	0
09_Vector_Matrix_Space	ch09-18		5	3	0
09_Vector_Matrix_Space	ch09-19		5	3	0
09_Vector_Matrix_Space	ch09-20	ch09_coplanar	4.6	3.4	0
09_Vector_Matrix_Space	ch09-21		5	3	0
09_Vector_Matrix_Space	ch09-22		5	3	0
09_Vector_Matrix_Space	ch09-23		5	3	0
09_Vector_Matrix_Space	ch09-24		5	3	0
09_Vector_Matrix_Space	ch09-25	ch09_null	4.6	3.2	0
09_Vector_Matrix_Space	ch09-26		5	3	0
10_Linear_Systems_Decomposition	ch10-01		5	3	0
10_Linear_Systems_Decomposition	ch10-02		5	3	0
10_Linear_Systems_Decomposition	ch10-03	ch10_gj	5.6	2.1	0
10_Linear_Systems_Decomposition	ch10-04		5	3	0
10_Linear_Systems_Decomposition	ch10-05		5	3	0
10_Linear_Systems_Decomposition	ch10-06		5	3	0
10_Linear_Systems_Decomposition	ch10-07		5	3	0
10_Linear_Systems_Decomposition	ch10-08		5	3	0
10_Linear_Systems_Decomposition	ch10-09		5	3	0
10_Linear_Systems_Decomposition	ch10-10		5	3	0
10_Linear_Systems_Decomposition	ch10-11		5	3	0
10_Linear_Systems_Decomposition	ch10-12		5	3	0
10_Linear_Systems_Decomposition	ch10-13		5	3	0
10_Linear_Systems_Decomposition	ch10-14		5	3	0
10_Linear_Systems_Decomposition	ch10-15	ch10_eigen	4.6	3.0	0
10_Linear_Systems_Decomposition	ch10-16		5	3	0
10_Linear_Systems_Decomposition	ch10-17		5	3	0
10_Linear_Systems_Decomposition	ch10-18		5	3	0
10_Linear_Systems_Decomposition	ch10-19		5	3	0
10_Linear_Systems_Decomposition	ch10-20		5	3	0
10_Linear_Systems_Decomposition	ch10-21		5	3	0
10_Linear_Systems_Decomposition	ch10-22		5	3	0
10_Linear_Systems_Decomposition	ch10-23		5	3	0
10_Linear_Systems_Decomposition	ch10-24		5	3	0
10_Linear_Systems_Decomposition	ch10-25		5	3	0
10_Linear_Systems_Decomposition	ch10-26		5	3	0
10_Linear_Systems_Decomposition	ch10-27	ch10_proj	4.8	3.3	0
10_Linear_Systems_Decomposition	ch10-28		5	3	0
10_Linear_Systems_Decomposition	ch10-29		5	3	0
10_Linear_Systems_Decomposition	ch10-30		5	3	0
10_Linear_Systems_Decomposition	ch10-31		5	3	0
11_Differential_Equation	ch11-01		5	3	0
11_Differential_Equation	ch11-02		5	3	0
11_Differential_Equation	ch11-03		5	3	0
11_Differential_Equation	ch11-04		5	3	0
11_Differential_Equation	ch11-05		5	3	0
11_Differential_Equation	ch11-06		5	3	0
11_Differential_Equation	ch11-07	ch11_compartments	5.4	1.8	0
11_Differential_Equation	ch11-08	ch11_inputs	5.4	2.3	0
11_Differential_Equation	ch11-09		5	3	0
11_Differential_Equation	ch11-10		5	3	0
11_Differential_Equation	ch11-11		5	3	0
11_Differential_Equation	ch11-12		5	3	0
11_Differential_Equation	ch11-13		5	3	0
11_Differential_Equation	ch11-14	ch11_comp1	5.2	2.6	0
11_Differential_Equation	ch11-15		5	3	0
11_Differential_Equation	ch11-16		5	3	0
11_Differential_Equation	ch11-17	ch11_comp2	5.2	2.6	0
11_Differential_Equation	ch11-18		5	3	0
11_Differential_Equation	ch11-19	ch11_comp3	5.2	2.6	0
11_Differential_Equation	ch11-20		5	3	0
11_Differential_Equation	ch11-21		5	3	0
11_Differential_Equation	ch11-22		5	3	0
11_Differential_Equation	ch11-23		5	3	0
11_Differential_Equation	ch11-24		5	3	0
11_Differential_Equation	ch11-25	ch11_mm	5.2	2.8	0
11_Differential_Equation	ch11-26		5	3	0
11_Differential_Equation	ch11-27		5	3	0
11_Differential_Equation	ch11-28		5	3	0
11_Differential_Equation	ch11-29		5	3	0
11_Differential_Equation	ch11-30	ch11_orbit	5.4	2.8	0
11_Differential_Equation	ch11-31		5	3	0
11_Differential_Equation	ch11-32		5	3	0
11_Differential_Equation	ch11-33		5	3	0
11_Differential_Equation	ch11-34		5	3	0
11_Differential_Equation	ch11-35	ch11_stiff	5.4	2.5	0
11_Differential_Equation	ch11-36		5	3	0
11_Differential_Equation	ch11-37		5	3	0
12_Root_Finding	ch12-01		5	3	0
12_Root_Finding	ch12-02	ch12_fplot	5.4	2.4	0
12_Root_Finding	ch12-03		5	3	0
12_Root_Finding	ch12-04		5	3	0
12_Root_Finding	ch12-05		5	3	0
12_Root_Finding	ch12-06	ch12_basin	5.6	2.5	0
12_Root_Finding	ch12-07		5	3	0
12_Root_Finding	ch12-08		5	3	0
12_Root_Finding	ch12-09		5	3	0
12_Root_Finding	ch12-10		5	3	0
12_Root_Finding	ch12-11		5	3	0
12_Root_Finding	ch12-12		5	3	0
13_Optimization	ch13-01	ch13_constrained	5.2	2.3	0
13_Optimization	ch13-02		5	3	0
13_Optimization	ch13-03	ch13_rosenbrock	5.2	2.8	0
13_Optimization	ch13-04		5	3	0
13_Optimization	ch13-05		5	3	0
13_Optimization	ch13-06		5	3	0
13_Optimization	ch13-07		5	3	0
13_Optimization	ch13-08		5	3	0
13_Optimization	ch13-09		5	3	0
13_Optimization	ch13-10		5	3	0
13_Optimization	ch13-11		5	3	0
13_Optimization	ch13-12		5	3	0
13_Optimization	ch13-13		5	3	0
13_Optimization	ch13-14	ch13_wood	5.2	2.4	0
13_Optimization	ch13-15		5	3	1
13_Optimization	ch13-16	ch13_secant	5.2	2.3	0
13_Optimization	ch13-17		5	3	0
13_Optimization	ch13-18	ch13_path	5.6	2.8	0
13_Optimization	ch13-19		5	3	1
13_Optimization	ch13-20		5	3	0
13_Optimization	ch13-21		5	3	0
13_Optimization	ch13-22		5	3	0
13_Optimization	ch13-23		5	3	0
14_Probability_Likelihood	ch14-01		5	3	0
14_Probability_Likelihood	ch14-02	ch14_lik	5.4	2.4	0
14_Probability_Likelihood	ch14-03		5	3	0
14_Probability_Likelihood	ch14-04	ch14_bias	5.2	2.5	0
14_Probability_Likelihood	ch14-05		5	3	0
14_Probability_Likelihood	ch14-06		5	3	0
14_Probability_Likelihood	ch14-07	ch14_info	5.2	2.6	0
14_Probability_Likelihood	ch14-08		5	3	0
15_Statistical_Inference	ch15-01		5	3	0
15_Statistical_Inference	ch15-02		5	3	0
15_Statistical_Inference	ch15-03		5	3	0
15_Statistical_Inference	ch15-04		5	3	0
15_Statistical_Inference	ch15-05		5	3	0
15_Statistical_Inference	ch15-06	ch15_test	5.4	2.5	0
15_Statistical_Inference	ch15-07		5	3	0
15_Statistical_Inference	ch15-08		5	3	0
15_Statistical_Inference	ch15-09		5	3	0
15_Statistical_Inference	ch15-10		5	3	0
15_Statistical_Inference	ch15-11	ch15_ci	5.4	2.7	0
15_Statistical_Inference	ch15-12		5	3	0
15_Statistical_Inference	ch15-13		5	3	0
15_Statistical_Inference	ch15-14		5	3	0
15_Statistical_Inference	ch15-15		5	3	0
15_Statistical_Inference	ch15-16		5	3	0
15_Statistical_Inference	ch15-17		5	3	0
15_Statistical_Inference	ch15-18	ch15_diag	5.4	2.5	0
15_Statistical_Inference	ch15-19		5	3	0
15_Statistical_Inference	ch15-20		5	3	0
15_Statistical_Inference	ch15-21		5	3	0
15_Statistical_Inference	ch15-22		5	3	0
A_R_Language	appA-01		5	3	0
A_R_Language	appA-02		5	3	0
A_R_Language	appA-03		5	3	0
A_R_Language	appA-04		5	3	0
A_R_Language	appA-05		5	3	0
A_R_Language	appA-06		5	3	0
A_R_Language	appA-07		5	3	0
A_R_Language	appA-08		5	3	0
A_R_Language	appA-09		5	3	0
A_R_Language	appA-10		5	3	0
A_R_Language	appA-11		5	3	0
A_R_Language	appA-12		5	3	0
A_R_Language	appA-13		5	3	0
A_R_Language	appA-14		5	3	0
A_R_Language	appA-15		5	3	0
A_R_Language	appA-16		5	3	0
A_R_Language	appA-17		5	3	0
A_R_Language	appA-18		5	3	0
A_R_Language	appA-19	appA_graphics	5.4	2.0	0
